Banstraat_38,adequite_venue_pcd/2402_9703_Banstraat_38.pcd
Banstraat_36,adequite_venue_pcd/2402_9703_Banstraat_36.pcd
Banstraat_40,adequite_venue_pcd/2402_9703_Banstraat_40.pcd
Banstraat_33-1,adequite_venue_pcd/2402_9703_Banstraat_33-1.pcd
Nicolaas_Maesstraat_141-1,adequite_venue_pcd/2403_9703_Nicolaas_Maesstraat_141-1.pcd
Jan_Willem_Brouwersstraat_9-2,adequite_venue_pcd/2406_9709_Jan_Willem_Brouwersstraat_9-2.pcd
Concertgebouwplein_9,adequite_venue_pcd/2407_9708_Concertgebouwplein_9.pcd
Concertgebouwplein_13-3,adequite_venue_pcd/2407_9708_Concertgebouwplein_13-3.pcd
Concertgebouwplein_11,adequite_venue_pcd/2407_9708_Concertgebouwplein_11.pcd
Concertgebouwplein_14,adequite_venue_pcd/2406_9708_Concertgebouwplein_14.pcd
De_Lairessestraat_52-2,adequite_venue_pcd/2402_9706_De_Lairessestraat_52-2.pcd
De_Lairessestraat_54-1,adequite_venue_pcd/2402_9706_De_Lairessestraat_54-1.pcd
De_Lairessestraat_42-1,adequite_venue_pcd/2403_9706_De_Lairessestraat_42-1.pcd
Jacob_Obrechtstraat_56,adequite_venue_pcd/2403_9706_Jacob_Obrechtstraat_56.pcd
Frans_van_Mierisstraat_66-2,adequite_venue_pcd/2408_9705_Frans_van_Mierisstraat_66-2.pcd
Nicolaas_Maesstraat_87-2,adequite_venue_pcd/2408_9705_Nicolaas_Maesstraat_87-2.pcd
Nicolaas_Maesstraat_93-2,adequite_venue_pcd/2408_9705_Nicolaas_Maesstraat_93-2.pcd
Nicolaas_Maesstraat_89-2,adequite_venue_pcd/2408_9705_Nicolaas_Maesstraat_89-2.pcd
Nicolaas_Maesstraat_85-2,adequite_venue_pcd/2408_9705_Nicolaas_Maesstraat_85-2.pcd
Nicolaas_Maesstraat_95-2,adequite_venue_pcd/2408_9705_Nicolaas_Maesstraat_95-2.pcd
Frans_van_Mierisstraat_68-2,adequite_venue_pcd/2408_9705_Frans_van_Mierisstraat_68-2.pcd
Nicolaas_Maesstraat_91-2,adequite_venue_pcd/2408_9705_Nicolaas_Maesstraat_91-2.pcd
Nicolaas_Maesstraat_83-2,adequite_venue_pcd/2408_9705_Nicolaas_Maesstraat_83-2.pcd
Nicolaas_Maesstraat_81-2,adequite_venue_pcd/2408_9705_Nicolaas_Maesstraat_81-2.pcd
Johannes_Verhulststraat_40-2,adequite_venue_pcd/2402_9707_Johannes_Verhulststraat_40-2.pcd
Johannes_Verhulststraat_42-2,adequite_venue_pcd/2402_9707_Johannes_Verhulststraat_42-2.pcd
Johannes_Verhulststraat_44-2,adequite_venue_pcd/2402_9707_Johannes_Verhulststraat_44-2.pcd
De_Lairessestraat_41,adequite_venue_pcd/2402_9705_De_Lairessestraat_41.pcd
Nicolaas_Maesstraat_72A,adequite_venue_pcd/2408_9706_Nicolaas_Maesstraat_72A.pcd
Nicolaas_Maesstraat_71A,adequite_venue_pcd/2409_9706_Nicolaas_Maesstraat_71A.pcd
Nicolaas_Maesstraat_136,adequite_venue_pcd/2402_9704_Nicolaas_Maesstraat_136.pcd
De_Lairessestraat_9-1,adequite_venue_pcd/2405_9706_De_Lairessestraat_9-1.pcd
Nicolaas_Maesstraat_113-2,adequite_venue_pcd/2405_9704_Nicolaas_Maesstraat_113-2.pcd
Jacob_Obrechtstraat_75-3,adequite_venue_pcd/2405_9704_Jacob_Obrechtstraat_75-3.pcd
Palestrinastraat_1A,adequite_venue_pcd/2405_9710_Palestrinastraat_1A.pcd
Wanningstraat_14A,adequite_venue_pcd/2405_9710_Wanningstraat_14A.pcd
Wanningstraat_8,adequite_venue_pcd/2405_9710_Wanningstraat_8.pcd
Wanningstraat_15,adequite_venue_pcd/2405_9710_Wanningstraat_15.pcd
Wanningstraat_17-1,adequite_venue_pcd/2405_9710_Wanningstraat_17-1.pcd
Wanningstraat_4A,adequite_venue_pcd/2405_9710_Wanningstraat_4A.pcd
Banstraat_10,adequite_venue_pcd/2400_9708_Banstraat_10.pcd
Banstraat_12,adequite_venue_pcd/2400_9708_Banstraat_12.pcd
Banstraat_3,adequite_venue_pcd/2400_9708_Banstraat_3.pcd
De_Lairessestraat_61,adequite_venue_pcd/2400_9705_De_Lairessestraat_61.pcd
De_Lairessestraat_57,adequite_venue_pcd/2401_9705_De_Lairessestraat_57.pcd
De_Lairessestraat_55,adequite_venue_pcd/2401_9705_De_Lairessestraat_55.pcd
De_Lairessestraat_51,adequite_venue_pcd/2401_9705_De_Lairessestraat_51.pcd
De_Lairessestraat_67,adequite_venue_pcd/2400_9704_De_Lairessestraat_67.pcd
De_Lairessestraat_69,adequite_venue_pcd/2400_9704_De_Lairessestraat_69.pcd
Banstraat_20,adequite_venue_pcd/2400_9707_Banstraat_20.pcd
Johannes_Verhulststraat_70-1,adequite_venue_pcd/2400_9707_Johannes_Verhulststraat_70-1.pcd
Johannes_Verhulststraat_54,adequite_venue_pcd/2401_9707_Johannes_Verhulststraat_54.pcd
Johannes_Verhulststraat_56,adequite_venue_pcd/2401_9707_Johannes_Verhulststraat_56.pcd
J.J._Viottastraat_3,adequite_venue_pcd/2401_9703_J.J._Viottastraat_3.pcd
J.J._Viottastraat_18,adequite_venue_pcd/2400_9703_J.J._Viottastraat_18.pcd
Jan_Willem_Brouwersstraat_22,adequite_venue_pcd/2405_9709_Jan_Willem_Brouwersstraat_22.pcd
Palestrinastraat_13-2,adequite_venue_pcd/2404_9709_Palestrinastraat_13-2.pcd
Jan_Willem_Brouwersstraat_40,adequite_venue_pcd/2405_9708_Jan_Willem_Brouwersstraat_40.pcd
Hacquartstraat_21,adequite_venue_pcd/2400_9702_Hacquartstraat_21.pcd
Hacquartstraat_30,adequite_venue_pcd/2400_9702_Hacquartstraat_30.pcd
Jacob_Obrechtstraat_36,adequite_venue_pcd/2402_9708_Jacob_Obrechtstraat_36.pcd
Moreelsestraat_3-2,adequite_venue_pcd/2409_9708_Moreelsestraat_3-2.pcd
Concertgebouwplein_7,adequite_venue_pcd/2408_9708_Concertgebouwplein_7.pcd
Concertgebouwplein_5,adequite_venue_pcd/2408_9708_Concertgebouwplein_5.pcd
Alexander_Boersstraat_4,adequite_venue_pcd/2407_9711_Alexander_Boersstraat_4.pcd
Van_Baerlestraat_90,adequite_venue_pcd/2407_9711_Van_Baerlestraat_90.pcd
Van_Baerlestraat_84-1,adequite_venue_pcd/2407_9711_Van_Baerlestraat_84-1.pcd
Van_Baerlestraat_88,adequite_venue_pcd/2407_9711_Van_Baerlestraat_88.pcd
Van_Baerlestraat_80-1,adequite_venue_pcd/2407_9711_Van_Baerlestraat_80-1.pcd
Van_Baerlestraat_82,adequite_venue_pcd/2407_9711_Van_Baerlestraat_82.pcd
Van_Baerlestraat_86-2,adequite_venue_pcd/2407_9711_Van_Baerlestraat_86-2.pcd
Alexander_Boersstraat_6,adequite_venue_pcd/2407_9711_Alexander_Boersstraat_6.pcd
Alexander_Boersstraat_8,adequite_venue_pcd/2407_9711_Alexander_Boersstraat_8.pcd
Alexander_Boersstraat_10A,adequite_venue_pcd/2407_9711_Alexander_Boersstraat_10A.pcd
Jan_Willem_Brouwersstraat_8,adequite_venue_pcd/2407_9710_Jan_Willem_Brouwersstraat_8.pcd
Jan_Willem_Brouwersstraat_16,adequite_venue_pcd/2406_9710_Jan_Willem_Brouwersstraat_16.pcd
Jan_Willem_Brouwersstraat_14,adequite_venue_pcd/2406_9710_Jan_Willem_Brouwersstraat_14.pcd
Jan_Willem_Brouwersstraat_12-1,adequite_venue_pcd/2406_9710_Jan_Willem_Brouwersstraat_12-1.pcd
Concertgebouwplein_29-2,adequite_venue_pcd/2406_9707_Concertgebouwplein_29-2.pcd
Concertgebouwplein_27,adequite_venue_pcd/2406_9707_Concertgebouwplein_27.pcd
Concertgebouwplein_25,adequite_venue_pcd/2406_9707_Concertgebouwplein_25.pcd
Concertgebouwplein_23,adequite_venue_pcd/2406_9707_Concertgebouwplein_23.pcd
Lange_Niezel_20-1,adequite_venue_pcd/2434_9751_Lange_Niezel_20-1.pcd
J.J._Viottastraat_44-1,adequite_venue_pcd/2397_9702_J.J._Viottastraat_44-1.pcd
J.J._Viottastraat_46,adequite_venue_pcd/2397_9702_J.J._Viottastraat_46.pcd
J.J._Viottastraat_40,adequite_venue_pcd/2397_9702_J.J._Viottastraat_40.pcd
J.J._Viottastraat_48,adequite_venue_pcd/2396_9702_J.J._Viottastraat_48.pcd
J.J._Viottastraat_50,adequite_venue_pcd/2396_9702_J.J._Viottastraat_50.pcd
Reguliersdwarsstraat_51,adequite_venue_pcd/2424_9732_Reguliersdwarsstraat_51.pcd
De_Lairessestraat_101,adequite_venue_pcd/2396_9703_De_Lairessestraat_101.pcd
De_Lairessestraat_91,adequite_venue_pcd/2397_9703_De_Lairessestraat_91.pcd
De_Lairessestraat_89,adequite_venue_pcd/2397_9703_De_Lairessestraat_89.pcd
De_Lairessestraat_95-1,adequite_venue_pcd/2397_9703_De_Lairessestraat_95-1.pcd
Nicolaas_Maesstraat_145-1,adequite_venue_pcd/2402_9703_Nicolaas_Maesstraat_145-1.pcd
Hacquartstraat_4,adequite_venue_pcd/2402_9703_Hacquartstraat_4.pcd
Banstraat_40,adequite_venue_pcd/2402_9703_Banstraat_40.pcd
Banstraat_33-1,adequite_venue_pcd/2402_9703_Banstraat_33-1.pcd
Concertgebouwplein_9,adequite_venue_pcd/2407_9708_Concertgebouwplein_9.pcd
Concertgebouwplein_13-3,adequite_venue_pcd/2407_9708_Concertgebouwplein_13-3.pcd
Concertgebouwplein_11,adequite_venue_pcd/2407_9708_Concertgebouwplein_11.pcd
Jacob_Obrechtstraat_56,adequite_venue_pcd/2403_9706_Jacob_Obrechtstraat_56.pcd
Cornelis_Schuytstraat_50-1,adequite_venue_pcd/2397_9705_Cornelis_Schuytstraat_50-1.pcd
Johannes_Verhulststraat_111,adequite_venue_pcd/2397_9705_Johannes_Verhulststraat_111.pcd
Johannes_Verhulststraat_116,adequite_venue_pcd/2396_9705_Johannes_Verhulststraat_116.pcd
Johannes_Verhulststraat_114-1,adequite_venue_pcd/2396_9705_Johannes_Verhulststraat_114-1.pcd
Jacob_Obrechtstraat_41-2,adequite_venue_pcd/2403_9707_Jacob_Obrechtstraat_41-2.pcd
Johannes_Verhulststraat_45,adequite_venue_pcd/2402_9707_Johannes_Verhulststraat_45.pcd
De_Lairessestraat_41,adequite_venue_pcd/2402_9705_De_Lairessestraat_41.pcd
Cornelis_Schuytstraat_23-2,adequite_venue_pcd/2397_9707_Cornelis_Schuytstraat_23-2.pcd
Cornelis_Schuytstraat_31-1,adequite_venue_pcd/2397_9707_Cornelis_Schuytstraat_31-1.pcd
Cornelis_Schuytstraat_29-1,adequite_venue_pcd/2397_9707_Cornelis_Schuytstraat_29-1.pcd
Nicolaas_Maesstraat_71A,adequite_venue_pcd/2409_9706_Nicolaas_Maesstraat_71A.pcd
Utrechtsestraat_12A,adequite_venue_pcd/2432_9730_Utrechtsestraat_12A.pcd
Valeriusstraat_51,adequite_venue_pcd/2396_9706_Valeriusstraat_51.pcd
Valeriusstraat_47-1,adequite_venue_pcd/2396_9706_Valeriusstraat_47-1.pcd
Nicolaas_Maesstraat_136,adequite_venue_pcd/2402_9704_Nicolaas_Maesstraat_136.pcd
De_Lairessestraat_9-1,adequite_venue_pcd/2405_9706_De_Lairessestraat_9-1.pcd
De_Lairessestraat_13A,adequite_venue_pcd/2404_9706_De_Lairessestraat_13A.pcd
Zeedijk_119,adequite_venue_pcd/2436_9748_Zeedijk_119.pcd
Zeedijk_109A,adequite_venue_pcd/2436_9748_Zeedijk_109A.pcd
Zeedijk_121-1,adequite_venue_pcd/2436_9748_Zeedijk_121-1.pcd
Jacob_Obrechtstraat_69,adequite_venue_pcd/2404_9705_Jacob_Obrechtstraat_69.pcd
Jan_van_Goyenkade_25,adequite_venue_pcd/2390_9699_Jan_van_Goyenkade_25.pcd
Jan_van_Goyenkade_22,adequite_venue_pcd/2390_9699_Jan_van_Goyenkade_22.pcd
Jan_van_Goyenkade_23,adequite_venue_pcd/2390_9699_Jan_van_Goyenkade_23.pcd
Jan_van_Goyenkade_21,adequite_venue_pcd/2390_9699_Jan_van_Goyenkade_21.pcd
Jan_van_Goyenkade_16,adequite_venue_pcd/2391_9699_Jan_van_Goyenkade_16.pcd
Jan_van_Goyenkade_18,adequite_venue_pcd/2391_9699_Jan_van_Goyenkade_18.pcd
Jan_van_Goyenkade_14,adequite_venue_pcd/2391_9699_Jan_van_Goyenkade_14.pcd
Palestrinastraat_1A,adequite_venue_pcd/2405_9710_Palestrinastraat_1A.pcd
Wanningstraat_14A,adequite_venue_pcd/2405_9710_Wanningstraat_14A.pcd
Wanningstraat_8,adequite_venue_pcd/2405_9710_Wanningstraat_8.pcd
Wanningstraat_15,adequite_venue_pcd/2405_9710_Wanningstraat_15.pcd
Wanningstraat_17-1,adequite_venue_pcd/2405_9710_Wanningstraat_17-1.pcd
De_Lairessestraat_133,adequite_venue_pcd/2391_9701_De_Lairessestraat_133.pcd
De_Lairessestraat_155A,adequite_venue_pcd/2390_9700_De_Lairessestraat_155A.pcd
De_Lairessestraat_149-1,adequite_venue_pcd/2390_9700_De_Lairessestraat_149-1.pcd
Banstraat_1,adequite_venue_pcd/2400_9708_Banstraat_1.pcd
De_Lairessestraat_63,adequite_venue_pcd/2400_9705_De_Lairessestraat_63.pcd
Johannes_Verhulststraat_133,adequite_venue_pcd/2395_9704_Johannes_Verhulststraat_133.pcd
Valeriusstraat_82A,adequite_venue_pcd/2394_9705_Valeriusstraat_82A.pcd
Valeriusstraat_78-2,adequite_venue_pcd/2394_9705_Valeriusstraat_78-2.pcd
Emmastraat_42,adequite_venue_pcd/2395_9701_Emmastraat_42.pcd
Emmastraat_40-1,adequite_venue_pcd/2395_9701_Emmastraat_40-1.pcd
Emmastraat_44,adequite_venue_pcd/2395_9701_Emmastraat_44.pcd
Monnikenstraat_10-1,adequite_venue_pcd/2436_9747_Monnikenstraat_10-1.pcd
Monnikenstraat_16,adequite_venue_pcd/2436_9747_Monnikenstraat_16.pcd
Monnikenstraat_18-1,adequite_venue_pcd/2436_9747_Monnikenstraat_18-1.pcd
Emmastraat_31-2,adequite_venue_pcd/2395_9703_Emmastraat_31-2.pcd
Emmastraat_28,adequite_venue_pcd/2394_9703_Emmastraat_28.pcd
De_Lairessestraat_125,adequite_venue_pcd/2392_9701_De_Lairessestraat_125.pcd
Hacquartstraat_32,adequite_venue_pcd/2399_9702_Hacquartstraat_32.pcd
Cornelis_Schuytstraat_67,adequite_venue_pcd/2399_9702_Cornelis_Schuytstraat_67.pcd
Cornelis_Schuytstraat_65,adequite_venue_pcd/2399_9702_Cornelis_Schuytstraat_65.pcd
Cornelis_Schuytstraat_72,adequite_venue_pcd/2398_9702_Cornelis_Schuytstraat_72.pcd
Leidsekruisstraat_24,adequite_venue_pcd/2415_9726_Leidsekruisstraat_24.pcd
Lange_Leidsedwarsstraat_51-1,adequite_venue_pcd/2415_9726_Lange_Leidsedwarsstraat_51-1.pcd
Lange_Leidsedwarsstraat_49-1,adequite_venue_pcd/2415_9726_Lange_Leidsedwarsstraat_49-1.pcd
Cornelis_Schuytstraat_66,adequite_venue_pcd/2398_9703_Cornelis_Schuytstraat_66.pcd
J.J._Viottastraat_32-1,adequite_venue_pcd/2399_9703_J.J._Viottastraat_32-1.pcd
J.J._Viottastraat_20,adequite_venue_pcd/2399_9703_J.J._Viottastraat_20.pcd
J.J._Viottastraat_22,adequite_venue_pcd/2399_9703_J.J._Viottastraat_22.pcd
Jan_van_Goyenkade_6,adequite_venue_pcd/2393_9700_Jan_van_Goyenkade_6.pcd
Dufaystraat_13,adequite_venue_pcd/2392_9703_Dufaystraat_13.pcd
Johannes_Verhulststraat_166-1,adequite_venue_pcd/2392_9703_Johannes_Verhulststraat_166-1.pcd
De_Lairessestraat_77,adequite_venue_pcd/2399_9704_De_Lairessestraat_77.pcd
Johannes_Verhulststraat_101,adequite_venue_pcd/2398_9705_Johannes_Verhulststraat_101.pcd
Johannes_Verhulststraat_99,adequite_venue_pcd/2398_9705_Johannes_Verhulststraat_99.pcd
Johannes_Verhulststraat_96-2,adequite_venue_pcd/2398_9706_Johannes_Verhulststraat_96-2.pcd
Johannes_Verhulststraat_102,adequite_venue_pcd/2398_9706_Johannes_Verhulststraat_102.pcd
Koninginneweg_43-2,adequite_venue_pcd/2392_9705_Koninginneweg_43-2.pcd
